{"v":"5.1.16","fr":30,"ip":0,"op":60,"w":500,"h":500,"nm":"NOTIFICACIÓ 2","ddd":0,"assets":[],"layers":[{"ddd":0,"ind":1,"ty":4,"nm":"Núm/NOTIFICACIONS contornos","sr":1,"ks":{"o":{"a":0,"k":100,"ix":11},"r":{"a":0,"k":0,"ix":10},"p":{"a":0,"k":[288.5,214,0],"ix":2},"a":{"a":0,"k":[6,9,0],"ix":1},"s":{"a":0,"k":[174,174,100],"ix":6}},"ao":0,"shapes":[{"ty":"gr","it":[{"ind":0,"ty":"sh","ix":1,"ks":{"a":0,"k":{"i":[[0,0],[-1.279,-0.039],[0.007,1.26],[1.848,0.019],[0,0],[0,0],[0,0],[-0.012,1.596],[1.749,0.015],[0.988,-0.616],[0,0],[-1.621,-0.042],[0.019,-2.095],[1.726,-0.417],[0,0],[0.009,-2.027],[3.968,0.026],[1.362,0.778]],"o":[[1.112,0.631],[2.315,0.021],[0.017,-1.895],[0,0],[0,0],[0,0],[1.403,0.012],[0.01,-1.085],[-1.164,0.024],[0,0],[1.398,-0.821],[3.302,0.031],[-0.035,1.776],[0,0],[2.008,0.279],[-0.024,2.708],[-1.568,0.025],[0,0]],"v":[[-4.673,4.846],[-1.033,5.865],[2.221,3.329],[-1.378,0.585],[-2.781,0.574],[-2.762,-1.643],[-1.406,-1.63],[1.79,-3.846],[-0.753,-5.861],[-4.04,-4.882],[-4.712,-7.079],[-0.094,-8.273],[4.872,-4.311],[1.883,-0.591],[1.883,-0.544],[5.372,3.486],[-0.906,8.288],[-5.38,7.139]],"c":true},"ix":2},"nm":"Trazado 1","mn":"ADBE Vector Shape - Group","hd":false},{"ty":"fl","c":{"a":0,"k":[0.999999940162,0.999999940162,1,1],"ix":4},"o":{"a":0,"k":100,"ix":5},"r":1,"nm":"Relleno 1","mn":"ADBE Vector Graphic - Fill","hd":false},{"ty":"tr","p":{"a":0,"k":[5.63,8.564],"ix":2},"a":{"a":0,"k":[0,0],"ix":1},"s":{"a":0,"k":[100,100],"ix":3},"r":{"a":0,"k":0,"ix":6},"o":{"a":0,"k":100,"ix":7},"sk":{"a":0,"k":0,"ix":4},"sa":{"a":0,"k":0,"ix":5},"nm":"Transformar"}],"nm":"Grupo 1","np":2,"cix":2,"ix":1,"mn":"ADBE Vector Group","hd":false}],"ip":0,"op":60,"st":0,"bm":0},{"ddd":0,"ind":2,"ty":4,"nm":"Rodona/NOTIFICACIONS contornos","sr":1,"ks":{"o":{"a":0,"k":100,"ix":11},"r":{"a":0,"k":0,"ix":10},"p":{"a":0,"k":[289,215,0],"ix":2},"a":{"a":0,"k":[19,19,0],"ix":1},"s":{"a":1,"k":[{"i":{"x":[0.833,0.833,0.833],"y":[0.833,0.833,0.833]},"o":{"x":[0.167,0.167,0.167],"y":[0.167,0.167,0.167]},"n":["0p833_0p833_0p167_0p167","0p833_0p833_0p167_0p167","0p833_0p833_0p167_0p167"],"t":0,"s":[201,201,100],"e":[147,147,100]},{"i":{"x":[0.833,0.833,0.833],"y":[0.833,0.833,0.833]},"o":{"x":[0.167,0.167,0.167],"y":[0.167,0.167,0.167]},"n":["0p833_0p833_0p167_0p167","0p833_0p833_0p167_0p167","0p833_0p833_0p167_0p167"],"t":10,"s":[147,147,100],"e":[201,201,100]},{"i":{"x":[0.833,0.833,0.833],"y":[0.833,0.833,0.833]},"o":{"x":[0.167,0.167,0.167],"y":[0.167,0.167,0.167]},"n":["0p833_0p833_0p167_0p167","0p833_0p833_0p167_0p167","0p833_0p833_0p167_0p167"],"t":20,"s":[201,201,100],"e":[141,141,100]},{"i":{"x":[0.833,0.833,0.833],"y":[0.833,0.833,0.833]},"o":{"x":[0.167,0.167,0.167],"y":[0.167,0.167,0.167]},"n":["0p833_0p833_0p167_0p167","0p833_0p833_0p167_0p167","0p833_0p833_0p167_0p167"],"t":30,"s":[141,141,100],"e":[201,201,100]},{"t":40}],"ix":6}},"ao":0,"shapes":[{"ty":"gr","it":[{"ind":0,"ty":"sh","ix":1,"ks":{"a":0,"k":{"i":[[10.104,0.089],[-0.089,10.098],[-10.104,-0.089],[0.088,-10.098]],"o":[[-10.104,-0.089],[0.089,-10.097],[10.104,0.089],[-0.089,10.098]],"v":[[-0.161,18.284],[-18.295,-0.161],[0.161,-18.284],[18.296,0.161]],"c":true},"ix":2},"nm":"Trazado 1","mn":"ADBE Vector Shape - Group","hd":false},{"ty":"fl","c":{"a":0,"k":[0.992196236405,0.102021340763,0.08462897656,1],"ix":4},"o":{"a":0,"k":100,"ix":5},"r":1,"nm":"Relleno 1","mn":"ADBE Vector Graphic - Fill","hd":false},{"ty":"tr","p":{"a":0,"k":[18.633,18.623],"ix":2},"a":{"a":0,"k":[0,0],"ix":1},"s":{"a":0,"k":[100,100],"ix":3},"r":{"a":0,"k":0,"ix":6},"o":{"a":0,"k":100,"ix":7},"sk":{"a":0,"k":0,"ix":4},"sa":{"a":0,"k":0,"ix":5},"nm":"Transformar"}],"nm":"Grupo 1","np":2,"cix":2,"ix":1,"mn":"ADBE Vector Group","hd":false}],"ip":0,"op":60,"st":0,"bm":0},{"ddd":0,"ind":3,"ty":4,"nm":"Campana/NOTIFICACIONS contornos","sr":1,"ks":{"o":{"a":0,"k":100,"ix":11},"r":{"a":0,"k":0,"ix":10},"p":{"a":0,"k":[221.5,180,0],"ix":2},"a":{"a":0,"k":[27,-5.032,0],"ix":1},"s":{"a":0,"k":[188,188,100],"ix":6}},"ao":0,"shapes":[{"ty":"gr","it":[{"ind":0,"ty":"sh","ix":1,"ks":{"a":0,"k":{"i":[[0,0],[-0.101,0.088],[0,18],[-9.206,0],[0,-9.203],[-10.312,-8.916],[-0.09,-0.096]],"o":[[0.089,-0.098],[10.306,-8.898],[0,-9.203],[9.203,0],[0,17.984],[0.1,0.088],[0,0]],"v":[[-31.682,22.882],[-31.396,22.605],[-16.695,-15.769],[0.001,-32.46],[16.693,-15.769],[31.402,22.607],[31.686,22.882]],"c":true},"ix":2},"nm":"Trazado 1","mn":"ADBE Vector Shape - Group","hd":false},{"ind":1,"ty":"sh","ix":2,"ks":{"a":0,"k":{"i":[[3.062,0],[1.004,2.717],[0,0]],"o":[[-3.061,0],[0,0],[-1.004,2.717]],"v":[[-0.001,32.46],[-6.68,27.798],[6.68,27.798]],"c":true},"ix":2},"nm":"Trazado 2","mn":"ADBE Vector Shape - Group","hd":false},{"ind":2,"ty":"sh","ix":3,"ks":{"a":0,"k":{"i":[[1.876,1.615],[0,20.574],[11.914,0],[0,-11.914],[6.76,-5.837],[0,-2.466],[-1.357,0],[0,0],[-5.793,0],[-1.138,5.462],[0,0],[0,1.357]],"o":[[-6.753,-5.839],[0,-11.914],[-11.918,0],[0,20.591],[-1.874,1.632],[0,1.357],[0,0],[1.138,5.46],[5.793,0],[0,0],[1.357,0],[0,-2.487]],"v":[[34.613,18.884],[21.609,-15.769],[0.001,-37.376],[-21.611,-15.769],[-34.617,18.891],[-37.566,25.34],[-35.107,27.798],[-11.781,27.798],[-0.001,37.376],[11.779,27.798],[35.108,27.798],[37.566,25.34]],"c":true},"ix":2},"nm":"Trazado 3","mn":"ADBE Vector Shape - Group","hd":false},{"ty":"mm","mm":1,"nm":"Combinar trazados 1","mn":"ADBE Vector Filter - Merge","hd":false},{"ty":"fl","c":{"a":0,"k":[0.500118300494,0.500118240656,0.500118300494,1],"ix":4},"o":{"a":0,"k":100,"ix":5},"r":1,"nm":"Relleno 1","mn":"ADBE Vector Graphic - Fill","hd":false},{"ty":"tr","p":{"a":0,"k":[37.815,37.626],"ix":2},"a":{"a":0,"k":[0,0],"ix":1},"s":{"a":0,"k":[100,100],"ix":3},"r":{"a":0,"k":0,"ix":6},"o":{"a":0,"k":100,"ix":7},"sk":{"a":0,"k":0,"ix":4},"sa":{"a":0,"k":0,"ix":5},"nm":"Transformar"}],"nm":"Grupo 1","np":5,"cix":2,"ix":1,"mn":"ADBE Vector Group","hd":false}],"ip":0,"op":60,"st":0,"bm":0}],"markers":[]}